HQ,BEAT
BSP,BSP-RIG
BSP,DBEC-BSP
BSP,BSP-SDL
BSP,RIG-BSP
BSP,SDL-BSP
BSP,KRBA-BSP
BSP,BSP-DBEC
BSP,BSP-KRBA
BSP,BSP-JSG
BSP,JSG-BSP
BSP,BSP-KTE
BSP,KTE-BSP
BSP,BSP-BJRI
BSP,BJRI-BSP
BSP,BSP-NGP
BSP,NGP-BSP
BSP,BSP-ROU
BSP,ROU-BSP
BSP,BSP-TATA
BSP,TATA-BSP
BSP,BSP-SBP
BSP,SBP-BSP
KRBA,BSP-KRBA
KRBA,GAD-KRBA
KRBA,KRBA-BSP
KRBA,KRBA-GAD
RIG,BSP-RIG
RIG,RIG-JSG
RIG,JSG-RIG
RIG,RIG-BSP
BRJN,RIG-JSG
BRJN,JSG-RIG
BRJN,BRJN-SBP
BRJN,BRJN-ROU
BRJN,SBP-BRJN
BRJN,ROU-BRJN
KHS,BSP-RIG
KHS,RIG-JSG
KHS,JSG-RIG
KHS,RIG-BSP
AKT,BSP-RIG
AKT,RIG-BSP
AKT,KRBA-BSP
AKT,BSP-KRBA
USL,DBEC-BSP
USL,BSP-SDL
USL,SDL-BSP
USL,BSP-DBEC
PND,BSP-SDL
PND,SDL-BSP
SDL,BSP-SDL
SDL,BJRI-SDL
SDL,SDL-BJRI
SDL,SDL-BSP
SDL,NKJ-SDL
SDL,SDL-NKJ
BJRI,ABKP-BJRI
BJRI,BJRI-ABKP
BJRI,BJRI-CHRM
BJRI,BJRI-SDL
BJRI,CHRM-BJRI
BJRI,SDL-BJRI
SJQ,ABKP-BJRI
SJQ,BJRI-ABKP
